| Item | Specs | Qty | Price | Source |
|---|---|---|---|---|
| Libre Computer Renegade ROC-RK3328-CC | RK3328 quad-core A53 @1.5GHz, 4GB DDR4, Gigabit Ethernet, 2x USB 2.0 + 1x USB 3.0, Mali-450 GPU, New | 1 | $65.00 | LoveRPi (eBay) |
| SK Hynix 256GB Internal M.2 SSD | M.2 SATA, Used, fully tested, 80-99% health | 1 | $25.75 | BLH Computers (eBay) |
| Kodak microSD card (OS drive) | 32GB, V30 A1 | 1 | $6.48 | Storage Direct Global Store (AliExpress) |
| Yottamaster SATA M.2 NVMe SSD Enclosure | Dual Protocol NVMe/SATA to USB adapter, 5Gbps, USB 3.1 Gen2 | 1 | $4.09 | Yottamaster Direct Store (AliExpress) |
| Cooler Fan (4-pack) | 3007, 30x30x7mm, 5V | 1 | $6.19 | VoltSteed Pro Store (AliExpress) |
| Aluminum Heatsinks (4-pack) | Passive cooling, adhesive mount | 1 | $1.99 | Electree Store (AliExpress) |
| Power Supply | 5V, 3A, EU/US/AU/UK plug adapter | 1 | $4.38 | Iceberry Flagship Store (AliExpress) |
| Case | 3D printed, custom design | 1 | $15.20 | 3D printer |
| Proton VPN | VPN Plus plan, first month promo rate (renews at regular rate after) | 1 | $1.09 | Proton |
| Sales tax (eBay order) | Tax charged on Renegade + SSD order | 1 | $5.77 | eBay |
 
**Total: $135.94**
